{
    "num_layers": 4,
    "hidden_size": 128,
    "steps_per_batch": 2048,
    "update_epochs": 10,
    "num_minibatches": 64,
    "learning_rate": 0.0007282976901767067,
    "gamma": 0.9919377900986864,
    "gae_lambda": 0.9519200113582851,
    "epsilon": 0.29947656712638776,
    "entropy_coeff": 0.004378183225974978,
    "value_loss_coeff": 0.5067698532530341,
    "max_grad_norm": 1.6841379686217262,
    "normalize_advantages": false
}